{
	"result" : [{
			"count" : 46785,
			"zxl" : 18.497187,
			"type" : 0
		}, {
			"count" : 22146,
			"zxl" : 17.962812,
			"type" : 1
		}
	]
}
